"Gmina","TERYT"
"Abramów","0608022"
"Adamów","0611032"
"Adamów","0620012"
"Adamówka","1814022"
"Aleksandrów","0602022"
"Aleksandrów","1010012"
"Aleksandrów Kujawski","0401011"
"Aleksandrów Kujawski","0401042"
"Aleksandrów Łódzki","1020043"
"Alwernia","1203013"
"Andrespol","1006022"
"Andrychów","1218013"
"Andrzejewo","1416022"
"Annopol","0607023"
"Augustów","2001011"
"Augustów","2001022"
"Babiak","3009022"
"Babice","1203022"
"Babimost","0809013"
"Baborów","1602013"
"Baboszewo","1420032"
"Baćkowice","2606012"
"Bakałarzewo","2012012"
"Baligród","1821012"
"Bałtów","2607022"
"Banie","3206012"
"Banie Mazurskie","2818012"
"Baranowo","1415012"
"Baranów","0614022"
"Baranów","1405032"
"Baranów","3008012"
"Baranów Sandomierski","1820013"
"Barciany","2808022"
"Barcin","0419013"
"Barczewo","2814013"
"Bardo","0224013"
"Bargłów Kościelny","2001032"
"Barlinek","3210013"
"Bartoszyce","2801011"
"Bartoszyce","2801032"
"Baruchowo","0418022"
"Barwice","3215023"
"Batorz","0605012"
"Bądkowo","0401052"
"Bedlno","1002022"
"Bejsce","2603012"
"Belsk Duży","1406012"
"Bełchatów","1001011"
"Bełchatów","1001022"
"Bełżec","0618022"
"Bełżyce","0609013"
"Bemowo","1465028"
"Besko","1817022"
"Bestwina","2402022"
"Będków","1016022"
"Będzin","2401011"
"Będzino","3209012"
"Biała","1017012"
"Biała","1610013"
"Białaczów","1007012"
"Biała Piska","2816013"
"Biała Podlaska","0601032"
"Biała Rawska","1013023"
"Białe Błota","0403012"
"Białobrzegi","1401013"
"Białobrzegi","1810022"
"Białogard","3201011"
"Białogard","3201022"
"Białołęka","1465038"
"Białopole","0603022"
"Białośliwie","3019022"
"Białowieża","2005022"
"Biały Bór","3215033"
"Biały Dunajec","1217022"
"Biecz","1205023"
"Bielany","1429022"
"Bielany","1465048"
"Bielawa","0202011"
"Bielawy","1005022"
"Bielice","3212012"
"Bieliny","2604012"
"Bielsk","1419012"
"Bielsk Podlaski","2003011"
"Bielsk Podlaski","2003032"
"Bierawa","1603022"
"Bieruń","2414011"
"Bierutów","0214023"
"Bierzwnik","3202012"
"Biesiekierz","3209022"
"Bieżuń","1437013"
"Biłgoraj","0602011"
"Biłgoraj","0602032"
"Bircza","1813012"
"Biskupice","1219012"
"Biskupiec","2812022"
"Biskupiec","2814023"
"Biszcza","0602042"
"Bisztynek","2801043"
"Blachownia","2404013"
"Bledzew","0803012"
"Blizanów","3007012"
"Bliżyn","2610022"
"Błaszki","1014023"
"Błażowa","1816023"
"Błędów","1406022"
"Błonie","1432013"
"Bobolice","3209033"
"Bobowa","1205032"
"Bobowo","2213042"
"Bobrowice","0802022"
"Bobrowniki","0408022"
"Bobrowniki","2401042"
"Bobrowo","0402022"
"Bochnia","1201011"
"Bochnia","1201022"
"Boćki","2003042"
"Bodzanów","1419022"
"Bodzechów","2607032"
"Bodzentyn","2604023"
"Bogatynia","0225033"
"Bogdaniec","0801022"
"Bogoria","2612012"
"Boguchwała","1816032"
"Boguszów-Gorce","0221011"
"Boguty-Pianki","1416032"
"Bojadła","0809022"
"Bojanowo","3022013"
"Bojanów","1818022"
"Bojszowy","2414042"
"Bolesław","1204012"
"Bolesław","1212032"
"Bolesławiec","0201011"
"Bolesławiec","0201022"
"Bolesławiec","1018012"
"Boleszkowice","3210022"
"Bolimów","1015012"
"Bolków","0205023"
"Boniewo","0418032"
"Borek Wielkopolski","3004013"
"Borki","0615022"
"Borkowice","1423012"
"Borne Sulinowo","3215043"
"Boronów","2407022"
"Borowa","1811022"
"Borowie","1403032"
"Borów","0217012"
"Borzechów","0609022"
"Borzęcin","1202012"
"Borzytuchom","2201012"
"Bralin","3008022"
"Branice","1602022"
"Braniewo","2802011"
"Braniewo","2802022"
"Brańsk","2003021"
"Brańsk","2003052"
"Brańszczyk","1435012"
"Brąszewice","1014032"
"Brenna","2403042"
"Brochów","1428022"
"Brodnica","0402011"
"Brodnica","0402032"
"Brodnica","3026012"
"Brody","0811032"
"Brody","2611022"
"Brojce","3205012"
"Brok","1416043"
"Brójce","1006032"
"Brudzeń Duży","1419032"
"Brudzew","3027022"
"Brusy","2202023"
"Brwinów","1421033"
"Brzeg","1601011"
"Brzeg Dolny","0222013"
"Brzesko","1202023"
"Brzeszcze","1213023"
"Brześć Kujawski","0418043"
"Brzeziny","1021011"
"Brzeziny","1021022"
"Brzeziny","3007022"
"Brzeźnica","0810032"
"Brzeźnica","1218022"
"Brzeźnio","1014042"
"Brzeżno","3216022"
"Brzostek","1803022"
"Brzozie","0402042"
"Brzozów","1802013"
"Brzuze","0412022"
"Brzyska","1805022"
"Buczek","1003012"
"Buczkowice","2402032"
"Budry","2819012"
"Budziszewice","1016032"
"Budzów","1215032"
"Budzyń","3001022"
"Buk","3021033"
"Bukowiec","0414012"
"Bukowina Tatrzańska","1217032"
"Bukowno","1212011"
"Bukowsko","1817032"
"Bulkowo","1419042"
"Burzenin","1014052"
"Busko-Zdrój","2601013"
"Bychawa","0609033"
"Byczyna","1604013"
"Bystra-Sidzina","1215042"
"Bystrzyca Kłodzka","0208063"
"Bytnica","0802032"
"Bytom Odrzański","0804023"
"Bytoń","0411022"
"Bytów","2201023"
"Cedry Wielkie","2204022"
"Cedynia","3206023"
"Cegłów","1412042"
"Cekcyn","0416012"
"Ceków-Kolonia","3007032"
"Celestynów","1417032"
"Ceranów","1429032"
"Cewice","2208032"
"Charsznica","1208012"
"Chąśno","1005032"
"Chełm","0603032"
"Chełmek","1213033"
"Chełmiec","1210022"
"Chełmno","0404011"
"Chełmno","0404022"
"Chełm Śląski","2414052"
"Chełmża","0415011"
"Chełmża","0415022"
"Chęciny","2604033"
"Chlewiska","1430012"
"Chłopice","1804032"
"Chmielnik","1816042"
"Chmielnik","2604043"
"Chmielno","2205012"
"Choceń","0418052"
"Chocianów","0216013"
"Chociwel","3214023"
"Chocz","3020012"
"Choczewo","2215042"
"Chodecz","0418063"
"Chodel","0612012"
"Chodów","3009032"
"Chodzież","3001011"
"Chodzież","3001032"
"Chojna","3206033"
"Chojnice","2202011"
"Chojnice","2202032"
"Chojnów","0209011"
"Chojnów","0209022"
"Chorkówka","1807012"
"Choroszcz","2002013"
"Chorzele","1422023"
"Choszczno","3202023"
"Chotcza","1409012"
"Chrostkowo","0408032"
"Chrzanów","0605022"
"Chrzanów","1203033"
"Chrząstowice","1609012"
"Chrzypsko Wielkie","3014012"
"Chybie","2403052"
"Chynów","1406032"
"Ciasna","2407032"
"Ciechanowiec","2013023"
"Ciechanów","1402011"
"Ciechanów","1402022"
"Ciechocin","0405022"
"Ciechocinek","0401021"
"Cielądz","1013032"
"Ciepielów","1409022"
"Ciepłowody","0224022"
"Cieszanów","1809023"
"Cieszków","0213012"
"Cieszyn","2403011"
"Ciężkowice","1216013"
"Cisek","1603032"
"Cisna","1821022"
"Cmolas","1806012"
"Cybinka","0805013"
"Cyców","0610012"
"Czajków","3018012"
"Czaplinek","3203013"
"Czarna","1801032"
"Czarna","1803032"
"Czarna","1810032"
"Czarna Białostocka","2002023"
"Czarna Dąbrówka","2201032"
"Czarna Woda","2213011"
"Czarne","2203023"
"Czarnia","1415022"
"Czarnków","3002011"
"Czarnków","3002022"
"Czarnocin","1010022"
"Czarnocin","2603022"
"Czarnożyły","1017022"
"Czarny Bór","0221042"
"Czarny Dunajec","1211032"
"Czastary","1018022"
"Czchów","1202033"
"Czechowice-Dziedzice","2402043"
"Czeladź","2401021"
"Czemierniki","0615032"
"Czempiń","3011023"
"Czeremcha","2005032"
"Czermin","1811032"
"Czermin","3020022"
"Czernica","0223012"
"Czernice Borowe","1422032"
"Czernichów","1206012"
"Czernichów","2417022"
"Czerniejewo","3003023"
"Czerniewice","1016042"
"Czernikowo","0415032"
"Czersk","2202043"
"Czerwieńsk","0809033"
"Czerwin","1415032"
"Czerwińsk nad Wisłą","1420042"
"Czerwionka-Leszczyny","2412013"
"Czerwonak","3021042"
"Czerwonka","1411022"
"Człopa","3217023"
"Człuchów","2203011"
"Człuchów","2203032"
"Czorsztyn","1211042"
"Czosnów","1414022"
"Czudec","1819012"
"Czyże","2005042"
"Czyżew-Osada","2013032"
"Ćmielów","2607043"
"Daleszyce","2604053"
"Dalików","1011012"
"Damasławek","3028022"
"Damnica","2212022"
"Darłowo","3213011"
"Darłowo","3213032"
"Daszyna","1004022"
"Dąbie","0802042"
"Dąbie","3009043"
"Dąbrowa","0409012"
"Dąbrowa","1609022"
"Dąbrowa Białostocka","2011013"
"Dąbrowa Biskupia","0407022"
"Dąbrowa Chełmińska","0403022"
"Dąbrowa Tarnowska","1204023"
"Dąbrowa Zielona","2404022"
"Dąbrowice","1002032"
"Dąbrówka","1434052"
"Dąbrówno","2815022"
"Debrzno","2203043"
"Deszczno","0801032"
"Dębe Wielkie","1412052"
"Dębica","1803011"
"Dębica","1803042"
"Dęblin","0616011"
"Dębnica Kaszubska","2212032"
"Dębno","1202042"
"Dębno","3210033"
"Dębowa Kłoda","0613012"
"Dębowa Łąka","0417022"
"Dębowiec","1805032"
"Dębowiec","2403062"
"Długołęka","0223022"
"Długosiodło","1435022"
"Dłutów","1008032"
"Dmosin","1021032"
"Dobczyce","1209013"
"Dobiegniew","0806013"
"Dobra","1207032"
"Dobra","3027033"
"Dobra","3218013"
"Dobra (Szczecińska)","3211012"
"Dobrcz","0403032"
"Dobre","0411032"
"Dobre","1412062"
"Dobre Miasto","2814033"
"Dobrodzień","1608013"
"Dobromierz","0219032"
"Dobroń","1008042"
"Dobroszyce","0214032"
"Dobryszyce","1012022"
"Dobrzany","3214033"
"Dobrzeń Wielki","1609032"
"Dobrzyca","3020032"
"Dobrzyniewo Duże","2002032"
"Dobrzyń nad Wisłą","0408043"
"Dolice","3214042"
"Dolsk","3026023"
"Dołhobyczów","0604022"
"Domanice","1426012"
"Domaniewice","1005042"
"Domaniów","0215022"
"Domaradz","1802022"
"Domaszowice","1606012"
"Dominowo","3025012"
"Dopiewo","3021052"
"Dorohusk","0603042"
"Doruchów","3018022"
"Dragacz","0414022"
"Drawno","3202033"
"Drawsko","3002032"
"Drawsko Pomorskie","3203023"
"Drelów","0601042"
"Drezdenko","0806023"
"Drobin","1419053"
"Drohiczyn","2010023"
"Drużbice","1001032"
"Drwinia","1201032"
"Drzewica","1007023"
"Drzycim","0414032"
"Dubeninki","2818022"
"Dubicze Cerkiewne","2005052"
"Dubiecko","1813022"
"Dubienka","0603052"
"Dukla","1807023"
"Duszniki","3024022"
"Duszniki-Zdrój","0208011"
"Dwikozy","2609022"
"Dydnia","1802032"
"Dygowo","3208022"
"Dynów","1816011"
"Dynów","1816052"
"Dywity","2814042"
"Dziadkowice","2010032"
"Dziadowa Kłoda","0214042"
"Działdowo","2803011"
"Działdowo","2803022"
"Działoszyce","2608013"
"Działoszyn","1009013"
"Dziemiany","2206022"
"Dzierzążnia","1420052"
"Dzierzgoń","2216013"
"Dzierzgowo","1413022"
"Dzierzkowice","0607032"
"Dzierżoniów","0202021"
"Dzierżoniów","0202052"
"Dzikowiec","1806062"
"Dziwnów","3207013"
"Dzwola","0605032"
"Dźwierzuty","2817022"
"Elbląg","2804012"
"Ełk","2805011"
"Ełk","2805022"
"Fabianki","0418072"
"Fajsławice","0606022"
"Fałków","2605012"
"Filipów","2012022"
"Firlej","0608032"
"Frampol","0602053"
"Fredropol","1813032"
"Frombork","2802033"
"Frysztak","1819022"
"Gać","1814032"
"Galewice","1018032"
"Garbatka-Letnisko","1407012"
"Garbów","0609042"
"Gardeja","2207022"
"Garwolin","1403011"
"Garwolin","1403042"
"Gaszowice","2412022"
"Gawłuszowice","1811042"
"Gaworzyce","0216022"
"Gąbin","1419063"
"Gąsawa","0419022"
"Gdów","1219022"
"Giby","2009022"
"Gidle","1012032"
"Gielniów","1423022"
"Gierałtowice","2405032"
"Gietrzwałd","2814052"
"Gilowice","2417032"
"Gizałki","3020042"
"Giżycko","2806011"
"Giżycko","2806042"
"Glinojeck","1402033"
"Głogów","0203011"
"Głogów","0203022"
"Głogówek","1610023"
"Głogów Małopolski","1816063"
"Głowaczów","1407022"
"Głowno","1020011"
"Głowno","1020052"
"Główczyce","2212042"
"Głubczyce","1602033"
"Głuchołazy","1607013"
"Głuchów","1015022"
"Głusk","0609052"
"Głuszyca","0221053"
"Gniew","2214023"
"Gniewino","2215052"
"Gniewkowo","0407033"
"Gniewoszów","1407032"
"Gniezno","3003011"
"Gniezno","3003032"
"Gnojnik","1202052"
"Gnojno","2601022"
"Goczałkowice-Zdrój","2410012"
"Godkowo","2804022"
"Godów","2415052"
"Godzianów","1015032"
"Godziesze Wielkie","3007042"
"Godziszów","0605042"
"Gogolin","1605013"
"Golczewo","3207023"
"Goleniów","3204023"
"Goleszów","2403072"
"Golina","3010013"
"Golub-Dobrzyń","0405011"
"Golub-Dobrzyń","0405032"
"Gołańcz","3028033"
"Gołcza","1208022"
"Gołdap","2818033"
"Gołuchów","3020052"
"Gołymin-Ośrodek","1402042"
"Gomunice","1012042"
"Goniądz","2008013"
"Goraj","0602062"
"Gorlice","1205011"
"Gorlice","1205042"
"Gorzkowice","1010032"
"Gorzków","0606032"
"Gorzów Śląski","1608023"
"Gorzyce","1820022"
"Gorzyce","2415062"
"Gostycyn","0416022"
"Gostynin","1404011"
"Gostynin","1404022"
"Gostyń","3004023"
"Goszczanów","1014062"
"Goszczyn","1406042"
"Gościeradów","0607042"
"Gościno","3208032"
"Gowarczów","2605022"
"Goworowo","1415042"
"Gozdnica","0810011"
"Gozdowo","1427022"
"Góra","0204013"
"Góra Kalwaria","1418013"
"Góra Świętej Małgorzaty","1004032"
"Górno","2604062"
"Górowo Iławeckie","2801021"
"Górowo Iławeckie","2801052"
"Górzno","0402053"
"Górzno","1403052"
"Górzyca","0805022"
"Gózd","1425022"
"Grabica","1010042"
"Grabowiec","0620022"
"Grabowo","2006022"
"Grabów","1004042"
"Grabów nad Pilicą","1407042"
"Grabów nad Prosną","3018033"
"Grajewo","2004011"
"Grajewo","2004022"
"Granowo","3005012"
"Grążawy","0402062"
"Grębków","1433022"
"Grębocice","0216032"
"Gręboszów","1204032"
"Grębów","1820032"
"Grodków","1601033"
"Grodziczno","2812032"
"Grodziec","3010022"
"Grodzisk","2010042"
"Grodzisk Mazowiecki","1405043"
"Grodzisko Dolne","1808022"
"Grodzisk Wielkopolski","3005023"
"Gromadka","0201032"
"Gromnik","1216022"
"Gronowo Elbląskie","2804032"
"Gródek","2002042"
"Gródek nad Dunajcem","1210032"
"Grójec","1406053"
"Grudusk","1402052"
"Grudziądz","0406012"
"Grunwald","2815032"
"Gruta","0406022"
"Grybów","1210011"
"Grybów","1210042"
"Gryfice","3205023"
"Gryfino","3206043"
"Gryfów Śląski","0212013"
"Grzegorzew","3009052"
"Grzmiąca","3215052"
"Gubin","0802011"
"Gubin","0802052"
"Gzy","1424012"
"Haczów","1802042"
"Hajnówka","2005011"
"Hajnówka","2005062"
"Halinów","1412073"
"Hanna","0619022"
"Hańsk","0619032"
"Harasiuki","1812012"
"Hażlach","2403082"
"Hel","2211011"
"Herby","2407042"
"Horodło","0604032"
"Horyniec-Zdrój","1809032"
"Hrubieszów","0604011"
"Hrubieszów","0604042"
"Huszlew","1410012"
"Hyżne","1816072"
"Igołomia-Wawrzeńczyce","1206022"
"Iława","2807011"
"Iława","2807032"
"Iłowa","0810043"
"Iłowo-Osada","2803032"
"Iłów","1428032"
"Iłża","1425033"
"Imielin","2414021"
"Imielno","2602012"
"Inowłódz","1016052"
"Inowrocław","0407011"
"Inowrocław","0407042"
"Ińsko","3214053"
"Irządze","2416032"
"Istebna","2403092"
"Iwaniska","2606022"
"Iwanowice","1206032"
"Iwierzyce","1815012"
"Iwkowa","1202062"
"Iwonicz-Zdrój","1807033"
"Izabelin","1432022"
"Izbica","0606042"
"Izbica Kujawska","0418083"
"Izbicko","1611012"
"Jabłonka","1211052"
"Jabłonna","0609062"
"Jabłonna","1408022"
"Jabłonna Lacka","1429042"
"Jabłonowo Pomorskie","0402073"
"Jabłoń","0613022"
"Jadów","1434062"
"Jaktorów","1405052"
"Jakubów","1412082"
"Janikowo","0407053"
"Janowice Wielkie","0206052"
"Janowiec","0614032"
"Janowiec Kościelny","2811012"
"Janowiec Wielkopolski","0419033"
"Janowo","2811022"
"Janów","2011022"
"Janów","2404032"
"Janów Lubelski","0605053"
"Janów Podlaski","0601052"
"Jaraczewo","3006012"
"Jarczów","0618032"
"Jarocin","1812022"
"Jarocin","3006023"
"Jarosław","1804011"
"Jarosław","1804042"
"Jasienica","2402052"
"Jasienica Rosielna","1802052"
"Jasieniec","1406062"
"Jasień","0811043"
"Jasionówka","2008022"
"Jasło","1805011"
"Jasło","1805042"
"Jastarnia","2211021"
"Jastków","0609072"
"Jastrowie","3031023"
"Jastrząb","1430022"
"Jastrzębia","1425042"
"Jaświły","2008032"
"Jawor","0205011"
"Jawornik Polski","1814042"
"Jaworze","2402062"
"Jaworzyna Śląska","0219043"
"Jedlicze","1807043"
"Jedlina-Zdrój","0221021"
"Jedlińsk","1425052"
"Jedlnia-Letnisko","1425062"
"Jednorożec","1422042"
"Jedwabne","2007013"
"Jedwabno","2817032"
"Jejkowice","2412032"
"Jelcz-Laskowice","0215033"
"Jeleniewo","2012032"
"Jeleśnia","2417042"
"Jemielnica","1611022"
"Jemielno","0204022"
"Jerzmanowa","0203032"
"Jerzmanowice-Przeginia","1206042"
"Jeziorany","2814063"
"Jeziora Wielkie","0409022"
"Jeziorzany","0608042"
"Jeżewo","0414042"
"Jeżowe","1812032"
"Jeżów","1021042"
"Jeżów Sudecki","0206062"
"Jędrzejów","2602023"
"Jodłowa","1803052"
"Jodłownik","1207042"
"Joniec","1420062"
"Jonkowo","2814072"
"Jordanów","1215011"
"Jordanów","1215052"
"Jordanów Śląski","0223032"
"Józefów","0602073"
"Józefów","1417011"
"Józefów nad Wisłą","0612022"
"Juchnowiec Kościelny","2002052"
"Jutrosin","3022023"
"Kaczory","3019032"
"Kadzidło","1415052"
"Kalety","2413011"
"Kalinowo","2805032"
"Kaliska","2213052"
"Kalisz Pomorski","3203033"
"Kalwaria Zebrzydowska","1218033"
"Kałuszyn","1412093"
"Kamienica","1207052"
"Kamienica Polska","2404042"
"Kamieniec","3005032"
"Kamieniec Ząbkowicki","0224032"
"Kamienna Góra","0207011"
"Kamienna Góra","0207022"
"Kamiennik","1607022"
"Kamień","0603062"
"Kamień","1816082"
"Kamień Krajeński","0413013"
"Kamień Pomorski","3207033"
"Kamieńsk","1012053"
"Kamionka","0608052"
"Kamionka Wielka","1210052"
"Kampinos","1432032"
"Kańczuga","1814053"
"Karczew","1417043"
"Karczmiska","0612032"
"Kargowa","0809043"
"Karlino","3201033"
"Karnice","3205032"
"Karniewo","1411032"
"Karpacz","0206011"
"Karsin","2206032"
"Kartuzy","2205023"
"Kawęczyn","3027042"
"Kazanów","1436012"
"Kazimierza Wielka","2603033"
"Kazimierz Biskupi","3010032"
"Kazimierz Dolny","0614043"
"Kaźmierz","3024032"
"Kąkolewnica Wschodnia","0615042"
"Kąty Wrocławskie","0223043"
"Kcynia","0410013"
"Kędzierzyn-Koźle","1603011"
"Kępice","2212053"
"Kępno","3008033"
"Kęsowo","0416032"
"Kętrzyn","2808011"
"Kętrzyn","2808032"
"Kęty","1213043"
"Kiełczygłów","1009022"
"Kiernozia","1005052"
"Kietrz","1602043"
"Kije","2608022"
"Kijewo Królewskie","0404032"
"Kikół","0408052"
"Kisielice","2807043"
"Kiszkowo","3003042"
"Kiwity","2809022"
"Kleczew","3010043"
"Klembów","1434072"
"Kleszczele","2005073"
"Kleszczewo","3021062"
"Kleszczów","1001042"
"Klimontów","2609032"
"Klonowa","1014072"
"Kluczbork","1604023"
"Klucze","1212042"
"Kluczewsko","2613012"
"Kluki","1001052"
"Klukowo","2013042"
"Klwów","1423032"
"Kłaj","1219032"
"Kłecko","3003053"
"Kłobuck","2406013"
"Kłoczew","0616022"
"Kłodawa","0801042"
"Kłodawa","3009063"
"Kłodzko","0208021"
"Kłodzko","0208072"
"Kłomnice","2404052"
"Knurów","2405011"
"Knyszyn","2008043"
"Kobiele Wielkie","1012062"
"Kobierzyce","0223052"
"Kobiór","2410022"
"Kobyla Góra","3018042"
"Kobylanka","3214062"
"Kobylin","3012023"
"Kobylin-Borzymy","2013052"
"Kobylnica","2212062"
"Kobyłka","1434011"
"Kochanowice","2407052"
"Kocierzew Południowy","1005062"
"Kock","0608063"
"Kocmyrzów-Luborzyca","1206052"
"Koczała","2203052"
"Kodeń","0601062"
"Kodrąb","1012072"
"Kolbudy","2204032"
"Kolbuszowa","1806023"
"Kolno","2006011"
"Kolno","2006032"
"Kolno","2814082"
"Kolonowskie","1611033"
"Kolsko","0804032"
"Koluszki","1006073"
"Kołaczkowo","3030012"
"Kołaczyce","1805052"
"Kołaki Kościelne","2014022"
"Kołbaskowo","3211022"
"Kołbiel","1417052"
"Kołczygłowy","2201042"
"Koło","3009011"
"Koło","3009072"
"Kołobrzeg","3208011"
"Kołobrzeg","3208042"
"Komańcza","1817042"
"Komarówka Podlaska","0615052"
"Komarów-Osada","0620032"
"Komorniki","3021072"
"Komprachcice","1609042"
"Konarzyny","2202052"
"Kondratowice","0217022"
"Koneck","0401062"
"Koniecpol","2404063"
"Koniusza","1214012"
"Konopiska","2404072"
"Konopnica","0609082"
"Konopnica","1017032"
"Konstancin-Jeziorna","1418023"
"Konstantynów","0601072"
"Konstantynów Łódzki","1008011"
"Końskie","2605033"
"Końskowola","0614052"
"Koprzywnica","2609043"
"Korczew","1426022"
"Korczyna","1807052"
"Korfantów","1607033"
"Kornowac","2411022"
"Koronowo","0403043"
"Korsze","2808043"
"Korycin","2011032"
"Korytnica","1433032"
"Korzenna","1210062"
"Kosakowo","2211052"
"Kosów Lacki","1429053"
"Kostomłoty","0218012"
"Kostrzyn","3021083"
"Kostrzyn nad Odrą","0801011"
"Koszarawa","2417052"
"Koszęcin","2407062"
"Koszyce","1214022"
"Kościan","3011011"
"Kościan","3011032"
"Kościelec","3009082"
"Kościelisko","1217042"
"Kościerzyna","2206011"
"Kościerzyna","2206042"
"Kotla","0203042"
"Kotlin","3006032"
"Kotuń","1426032"
"Kowal","0418011"
"Kowal","0418092"
"Kowala","1425072"
"Kowale Oleckie","2813032"
"Kowalewo Pomorskie","0405043"
"Kowary","0206021"
"Kowiesy","1015042"
"Koziegłowy","2409023"
"Kozielice","3212022"
"Kozienice","1407053"
"Kozłowo","2811032"
"Kozłów","1208032"
"Kozy","2402072"
"Koźminek","3007052"
"Koźmin Wielkopolski","3012033"
"Kożuchów","0804043"
"Kórnik","3021093"
"Krajenka","3031033"
"Kramsk","3010052"
"Krapkowice","1605023"
"Krasiczyn","1813042"
"Krasne","1422052"
"Krasne","1816092"
"Krasnobród","0620043"
"Krasnopol","2009032"
"Krasnosielc","1411042"
"Krasnystaw","0606011"
"Krasnystaw","0606052"
"Krasocin","2613022"
"Kraszewice","3018052"
"Kraśniczyn","0606062"
"Kraśnik","0607011"
"Kraśnik","0607052"
"Krempna","1805062"
"Krobia","3004033"
"Kroczyce","2416042"
"Krokowa","2211062"
"Krosno Odrzańskie","0802063"
"Krościenko nad Dunajcem","1211062"
"Krościenko Wyżne","1807062"
"Krośnice","0213022"
"Krośniewice","1002043"
"Krotoszyce","0209032"
"Krotoszyn","3012043"
"Kruklanki","2806052"
"Krupski Młyn","2413052"
"Kruszwica","0407063"
"Kruszyna","2404082"
"Krynica Morska","2210011"
"Krynica-Zdrój","1210073"
"Krynice","0618042"
"Krynki","2011042"
"Krypno","2008052"
"Krzanowice","2411033"
"Krzczonów","0609092"
"Krzemieniewo","3013012"
"Krzepice","2406023"
"Krzeszowice","1206063"
"Krzeszów","1812042"
"Krzeszyce","0807012"
"Krzęcin","3202042"
"Krzykosy","3025022"
"Krzymów","3010062"
"Krzynowłoga Mała","1422062"
"Krzywcza","1813052"
"Krzywda","0611042"
"Krzywiń","3011043"
"Krzyżanowice","2411042"
"Krzyżanów","1002052"
"Krzyż Wielkopolski","3002043"
"Ksawerów","1008052"
"Książki","0417032"
"Książ Wielki","1208042"
"Książ Wielkopolski","3026033"
"Księżpol","0602082"
"Kuczbork-Osada","1437022"
"Kudowa-Zdrój","0208031"
"Kulesze Kościelne","2013062"
"Kunice","0209042"
"Kunów","2607053"
"Kurów","0614062"
"Kuryłówka","1808032"
"Kurzętnik","2812042"
"Kuślin","3015012"
"Kutno","1002011"
"Kutno","1002062"
"Kuźnia Raciborska","2411053"
"Kuźnica","2011052"
"Kwidzyn","2207011"
"Kwidzyn","2207032"
"Kwilcz","3014022"
"Lanckorona","1218042"
"Laskowa","1207062"
"Lasowice Wielkie","1604032"
"Laszki","1804052"
"Latowicz","1412102"
"Lądek","3023022"
"Lądek-Zdrój","0208083"
"Legionowo","1408011"
"Legnickie Pole","0209052"
"Lelis","1415062"
"Lelkowo","2802042"
"Lelów","2404092"
"Leoncin","1414032"
"Lesko","1821033"
"Leszno","1432042"
"Lesznowola","1418032"
"Leśna","0210033"
"Leśna Podlaska","0601082"
"Leśnica","1611043"
"Leśniowice","0603072"
"Lewin Brzeski","1601043"
"Lewin Kłodzki","0208092"
"Leżajsk","1808011"
"Leżajsk","1808042"
"Lębork","2208011"
"Lędziny","2414031"
"Lgota Wielka","1012082"
"Libiąż","1203043"
"Lichnowy","2209032"
"Lidzbark","2803043"
"Lidzbark Warmiński","2809011"
"Lidzbark Warmiński","2809032"
"Limanowa","1207011"
"Limanowa","1207072"
"Linia","2215062"
"Liniewo","2206052"
"Lipce Reymontowskie","1015052"
"Lipiany","3212033"
"Lipie","2406032"
"Lipinki","1205052"
"Lipinki Łużyckie","0811052"
"Lipka","3031042"
"Lipnica","2201052"
"Lipnica Murowana","1201042"
"Lipnica Wielka","1211072"
"Lipnik","2606032"
"Lipno","0408011"
"Lipno","0408062"
"Lipno","3013022"
"Lipowa","2417062"
"Lipowiec Kościelny","1413032"
"Lipsk","2001043"
"Lipsko","1409033"
"Lipusz","2206062"
"Lisewo","0404042"
"Lisia Góra","1216032"
"Lisków","3007062"
"Liszki","1206072"
"Liw","1433042"
"Lniano","0414052"
"Lubaczów","1809011"
"Lubaczów","1809042"
"Lubanie","0418102"
"Lubań","0210011"
"Lubań","0210042"
"Lubartów","0608011"
"Lubartów","0608072"
"Lubasz","3002052"
"Lubawa","2807021"
"Lubawa","2807052"
"Lubawka","0207033"
"Lubenia","1816102"
"Lubichowo","2213062"
"Lubicz","0415042"
"Lubień","1209022"
"Lubień Kujawski","0418113"
"Lubiewo","0416042"
"Lubin","0211011"
"Lubin","0211022"
"Lubiszyn","0801052"
"Lubliniec","2407011"
"Lubniewice","0807023"
"Lubochnia","1016062"
"Lubomia","2415072"
"Lubomierz","0212023"
"Lubomino","2809042"
"Luboń","3021011"
"Lubowidz","1437032"
"Lubraniec","0418123"
"Lubrza","0808012"
"Lubrza","1610032"
"Lubsko","0811063"
"Lubsza","1601052"
"Lubycza Królewska","0618052"
"Ludwin","0610022"
"Lutocin","1437042"
"Lutomiersk","1008062"
"Lutowiska","1801052"
"Lututów","1018042"
"Luzino","2215072"
"Lwówek","3015023"
"Lwówek Śląski","0212033"
"Lyski","2412042"
"Łabiszyn","0419043"
"Łabowa","1210082"
"Łabunie","0620052"
"Ładzice","1012092"
"Łagiewniki","0202062"
"Łagów","0808022"
"Łagów","2604072"
"Łambinowice","1607042"
"Łanięta","1002072"
"Łańcut","1810011"
"Łańcut","1810042"
"Łapanów","1201052"
"Łapsze Niżne","1211082"
"Łapy","2002063"
"Łasin","0406033"
"Łask","1003023"
"Łaskarzew","1403021"
"Łaskarzew","1403062"
"Łaszczów","0618062"
"Łaziska","0612042"
"Łaziska Górne","2408011"
"Łazy","2416053"
"Łąck","1419072"
"Łącko","1210092"
"Łączna","2610032"
"Łeba","2208021"
"Łęczna","0610033"
"Łęczyca","1004011"
"Łęczyca","1004052"
"Łęczyce","2215082"
"Łęka Opatowska","3008042"
"Łękawica","2417072"
"Łęki Szlacheckie","1010052"
"Łęknica","0811011"
"Łobez","3218023"
"Łobżenica","3019043"
"Łochów","1433053"
"Łodygowice","2417082"
"Łomazy","0601092"
"Łomianki","1432053"
"Łomża","2007022"
"Łoniów","2609052"
"Łopiennik Górny","0606072"
"Łopuszno","2604082"
"Łosice","1410023"
"Łososina Dolna","1210102"
"Łowicz","1005011"
"Łowicz","1005072"
"Łódź-Bałuty","1061029"
"Łódź-Górna","1061039"
"Łódź-Polesie","1061049"
"Łódź-Śródmieście","1061059"
"Łódź-Widzew","1061069"
"Łubianka","0415052"
"Łubniany","1609052"
"Łubnice","1018052"
"Łubnice","2612022"
"Łubowo","3003062"
"Łukowa","0602092"
"Łukowica","1207082"
"Łuków","0611011"
"Łuków","0611052"
"Łukta","2815042"
"Łużna","1205062"
"Łyse","1415072"
"Łysomice","0415062"
"Łyszkowice","1005082"
"Maciejowice","1403072"
"Magnuszew","1407062"
"Majdan Królewski","1806032"
"Maków","1015062"
"Maków Mazowiecki","1411011"
"Maków Podhalański","1215063"
"Malanów","3027052"
"Malbork","2209011"
"Malbork","2209042"
"Malczyce","0218022"
"Malechowo","3213042"
"Mała Wieś","1419082"
"Małdyty","2815052"
"Małkinia Górna","1416052"
"Małogoszcz","2602033"
"Małomice","0810053"
"Mały Płock","2006042"
"Manowo","3209042"
"Marcinowice","0219052"
"Marciszów","0207042"
"Margonin","3001043"
"Marianowo","3214082"
"Marki","1434021"
"Marklowice","2415082"
"Markowa","1810052"
"Markusy","2804042"
"Markuszów","0614072"
"Masłowice","1012102"
"Masłów","2604092"
"Maszewo","0802072"
"Maszewo","3204033"
"M. Biała Podlaska","0661011"
"M. Białystok","2061011"
"M. Bielsko-Biała","2461011"
"M. Bydgoszcz","0461011"
"M. Bytom","2462011"
"M. Chełm","0662011"
"M. Chorzów","2463011"
"M. Częstochowa","2464011"
"M. Dąbrowa Górnicza","2465011"
"Medyka","1813062"
"M. Elbląg","2861011"
"Mełgiew","0617022"
"Męcinka","0205032"
"Mędrzechów","1204042"
"M. Gdańsk","2261011"
"M. Gdynia","2262011"
"M. Gliwice","2466011"
"M. Gorzów Wielkopolski","0861011"
"M. Grudziądz","0462011"
"Miasteczko Krajeńskie","3019052"
"Miasteczko Śląskie","2413021"
"Miastko","2201063"
"Miastkowo","2007032"
"Miastków Kościelny","1403082"
"Miączyn","0620062"
"Michałowice","1206082"
"Michałowice","1421042"
"Michałowo","2002072"
"Michałów","2608032"
"Michów","0608082"
"Miechów","1208053"
"Miedziana Góra","2604102"
"Miedzichowo","3015032"
"Miedzna","1433062"
"Miedźna","2410032"
"Miedźno","2406042"
"Miejsce Piastowe","1807072"
"Miejska Górka","3022033"
"Mielec","1811011"
"Mielec","1811052"
"Mieleszyn","3003072"
"Mielnik","2010052"
"Mielno","3209052"
"Mieroszów","0221063"
"Mierzęcice","2401052"
"Mieszkowice","3206053"
"Mieścisko","3028042"
"Mietków","0223062"
"Międzybórz","0214053"
"Międzychód","3014033"
"Międzylesie","0208103"
"Międzyrzec Podlaski","0601011"
"Międzyrzec Podlaski","0601102"
"Międzyrzecz","0803023"
"Międzyzdroje","3207043"
"Miękinia","0218032"
"Mikołajki","2810023"
"Mikołajki Pomorskie","2216022"
"Mikołów","2408021"
"Mikstat","3018063"
"Milanów","0613032"
"Milanówek","1405011"
"Milejczyce","2010062"
"Milejewo","2804052"
"Milejów","0610042"
"Milicz","0213033"
"Milówka","2417092"
"Miłakowo","2815063"
"Miłki","2806062"
"Miłkowice","0209062"
"Miłomłyn","2815073"
"Miłoradz","2209062"
"Miłosław","3030023"
"Mińsk Mazowiecki","1412011"
"Mińsk Mazowiecki","1412112"
"Mircze","0604052"
"Mirosławiec","3217033"
"Mirów","1430032"
"Mirsk","0212043"
"Mirzec","2611032"
"M. Jastrzębie-Zdrój","2467011"
"M. Jaworzno","2468011"
"M. Jelenia Góra","0261011"
"M. Kalisz","3061011"
"M. Katowice","2469011"
"M. Kielce","2661011"
"M. Konin","3062011"
"M. Koszalin","3261011"
"M. Kraków","1261011"
"M. Krosno","1861011"
"M. Legnica","0262011"
"M. Leszno","3063011"
"M. Lublin","0663011"
"Mława","1413011"
"Młodzieszyn","1428042"
"M. Łomża","2062011"
"M. Łódź","1061011"
"Młynary","2804063"
"Młynarze","1411052"
"M. Mysłowice","2470011"
"Mniów","2604112"
"Mniszków","1007032"
"M. Nowy Sącz","1262011"
"Mochowo","1427032"
"Modliborzyce","0605062"
"Mogielnica","1406073"
"Mogilany","1206092"
"Mogilno","0409033"
"Mokobody","1426042"
"Mokotów","1465058"
"Mokrsko","1017042"
"M. Olsztyn","2862011"
"Mońki","2008063"
"M. Opole","1661011"
"Morawica","2604122"
"Morąg","2815083"
"Mordy","1426053"
"Moryń","3206063"
"Morzeszczyn","2214032"
"Mosina","3021103"
"Moskorzew","2613032"
"M. Ostrołęka","1461011"
"Moszczenica","1010062"
"Moszczenica","1205072"
"M. Piekary Śląskie","2471011"
"M. Piotrków Trybunalski","1062011"
"M. Płock","1462011"
"M. Poznań","3064011"
"M. Przemyśl","1862011"
"M. Radom","1463011"
"Mrągowo","2810011"
"Mrągowo","2810032"
"Mrocza","0410023"
"Mrozy","1412122"
"M. Ruda Śląska","2472011"
"M. Rybnik","2473011"
"M. Rzeszów","1863011"
"M. Siedlce","1464011"
"M. Siemianowice Śląskie","2474011"
"M. Skierniewice","1063011"
"M. Słupsk","2263011"
"M. Sopot","2264011"
"M. Sosnowiec","2475011"
"Mstów","2404102"
"M. st. Warszawa","1465011"
"M. Suwałki","2063011"
"Mszana","2415092"
"Mszana Dolna","1207021"
"Mszana Dolna","1207092"
"M. Szczecin","3262011"
"Mszczonów","1438023"
"Mściwojów","0205042"
"M. Świętochłowice","2476011"
"M. Świnoujście","3263011"
"M. Tarnobrzeg","1864011"
"M. Tarnów","1263011"
"M. Toruń","0463011"
"M. Tychy","2477011"
"Mucharz","1218052"
"Murowana Goślina","3021113"
"Murów","1609062"
"Muszyna","1210113"
"M. Włocławek","0464011"
"M. Wrocław","0264011"
"Mycielin","3007072"
"Mykanów","2404112"
"Mysłakowice","0206072"
"Myszków","2409011"
"Myszyniec","1415083"
"Myślenice","1209033"
"Myślibórz","3210043"
"M. Zabrze","2478011"
"M. Zamość","0664011"
"M. Zielona Góra","0862011"
"M. Żory","2479011"
"Nadarzyn","1421052"
"Nagłowice","2602042"
"Nakło nad Notecią","0410033"
"Nałęczów","0614083"
"Namysłów","1606023"
"Narew","2005082"
"Narewka","2005092"
"Narol","1809053"
"Naruszewo","1420072"
"Nasielsk","1414043"
"Nawojowa","1210122"
"Nekla","3030033"
"Nędza","2411062"
"Nidzica","2811043"
"Nieborów","1005092"
"Niebylec","1819032"
"Niechanowo","3003082"
"Niechlów","0204032"
"Niedrzwica Duża","0609102"
"Niedźwiada","0608092"
"Niedźwiedź","1207102"
"Niegosławice","0810062"
"Niegowa","2409032"
"Nielisz","0620072"
"Niemce","0609112"
"Niemcza","0202073"
"Niemodlin","1609073"
"Niepołomice","1219043"
"Nieporęt","1408032"
"Nieszawa","0401031"
"Nisko","1812053"
"Niwiska","1806042"
"Nowa Brzeźnica","1009032"
"Nowa Dęba","1820043"
"Nowa Karczma","2206072"
"Nowa Ruda","0208041"
"Nowa Ruda","0208112"
"Nowa Sarzyna","1808053"
"Nowa Słupia","2604132"
"Nowa Sól","0804011"
"Nowa Sól","0804052"
"Nowa Sucha","1428052"
"Nowa Wieś Lęborska","2208042"
"Nowa Wieś Wielka","0403052"
"Nowe","0414063"
"Nowe Brzesko","1214032"
"Nowe Miasteczko","0804063"
"Nowe Miasto","1420082"
"Nowe Miasto Lubawskie","2812011"
"Nowe Miasto Lubawskie","2812052"
"Nowe Miasto nad Pilicą","1406083"
"Nowe Miasto nad Wartą","3025032"
"Nowe Ostrowy","1002082"
"Nowe Piekuty","2013072"
"Nowe Skalmierzyce","3017023"
"Nowe Warpno","3211033"
"Nowinka","2001052"
"Nowodwór","0616032"
"Nowogard","3204043"
"Nowogrodziec","0201043"
"Nowogród","2007043"
"Nowogród Bobrzański","0809053"
"Nowogródek Pomorski","3210052"
"Nowosolna","1006082"
"Nowy Duninów","1419092"
"Nowy Dwór","2011062"
"Nowy Dwór Gdański","2210023"
"Nowy Dwór Mazowiecki","1414011"
"Nowy Kawęczyn","1015072"
"Nowy Korczyn","2601032"
"Nowy Staw","2209073"
"Nowy Targ","1211011"
"Nowy Targ","1211092"
"Nowy Tomyśl","3015043"
"Nowy Wiśnicz","1201063"
"Nowy Żmigród","1805072"
"Nozdrzec","1802062"
"Nur","1416062"
"Nurzec-Stacja","2010072"
"Nysa","1607053"
"Oborniki","3016013"
"Oborniki Śląskie","0220013"
"Obrazów","2609062"
"Obrowo","0415072"
"Obryte","1424022"
"Obrzycko","3024011"
"Obrzycko","3024042"
"Obsza","0602102"
"Ochota","1465068"
"Ochotnica Dolna","1211102"
"Odolanów","3017033"
"Odrzywół","1423042"
"Ogrodzieniec","2416063"
"Ojrzeń","1402062"
"Okonek","3031053"
"Oksa","2602052"
"Olecko","2813043"
"Olesno","1204052"
"Olesno","1608033"
"Oleszyce","1809063"
"Oleśnica","0214011"
"Oleśnica","0214062"
"Oleśnica","2612032"
"Olkusz","1212053"
"Olszanica","1821042"
"Olszanka","1410032"
"Olszanka","1601062"
"Olszewo-Borki","1415092"
"Olszówka","3009092"
"Olsztyn","2404122"
"Olsztynek","2814093"
"Olszyna","0210052"
"Oława","0215011"
"Oława","0215042"
"Opalenica","3015053"
"Opatowiec","2603042"
"Opatów","2406052"
"Opatów","2606043"
"Opatówek","3007082"
"Opinogóra Górna","1402072"
"Opoczno","1007043"
"Opole Lubelskie","0612053"
"Oporów","1002092"
"Orchowo","3023032"
"Orla","2003062"
"Orły","1813072"
"Orneta","2809053"
"Ornontowice","2408042"
"Orońsko","1430042"
"Orzesze","2408031"
"Orzysz","2816023"
"Osie","0414072"
"Osieck","1417062"
"Osieczna","2213072"
"Osieczna","3013033"
"Osiecznica","0201052"
"Osiek","0402082"
"Osiek","1213052"
"Osiek","2213082"
"Osiek","2612043"
"Osiek Jasielski","1805082"
"Osiek Mały","3009102"
"Osielsko","0403062"
"Osięciny","0411042"
"Osina","3204052"
"Osjaków","1017052"
"Ostaszewo","2210032"
"Ostroróg","3024053"
"Ostrowice","3203042"
"Ostrowiec Świętokrzyski","2607011"
"Ostrowite","3023042"
"Ostróda","2815011"
"Ostróda","2815092"
"Ostrów","1815022"
"Ostrówek","0608112"
"Ostrówek","1017062"
"Ostrów Lubelski","0608103"
"Ostrów Mazowiecka","1416011"
"Ostrów Mazowiecka","1416072"
"Ostrów Wielkopolski","3017011"
"Ostrów Wielkopolski","3017042"
"Ostrzeszów","3018073"
"Ośno Lubuskie","0805033"
"Oświęcim","1213011"
"Oświęcim","1213062"
"Otmuchów","1607063"
"Otwock","1417021"
"Otyń","0804072"
"Ozimek","1609083"
"Ozorków","1020021"
"Ozorków","1020062"
"Ożarowice","2413062"
"Ożarów","2606053"
"Ożarów Mazowiecki","1432063"
"Pabianice","1008021"
"Pabianice","1008072"
"Pacanów","2601042"
"Pacyna","1404032"
"Paczków","1607073"
"Padew Narodowa","1811062"
"Pajęczno","1009043"
"Pakosław","3022042"
"Pakosławice","1607082"
"Pakość","0407073"
"Pałecznica","1214042"
"Panki","2406062"
"Papowo Biskupie","0404052"
"Paprotnia","1426062"
"Paradyż","1007052"
"Parchowo","2201072"
"Parczew","0613043"
"Parysów","1403092"
"Parzęczew","1020072"
"Pasłęk","2804073"
"Pasym","2817043"
"Paszowice","0205052"
"Pawłosiów","1804062"
"Pawłowice","2410042"
"Pawłowiczki","1603042"
"Pawłów","2611042"
"Pawonków","2407072"
"Pątnów","1017072"
"Pcim","1209042"
"Pelplin","2214043"
"Pełczyce","3202053"
"Perlejewo","2010082"
"Perzów","3008052"
"Pęcław","0203052"
"Pęczniew","1011022"
"Pępowo","3004042"
"Piaseczno","1418043"
"Piaski","0617033"
"Piaski","3004052"
"Piastów","1421011"
"Piątek","1004062"
"Piątnica","2007052"
"Piechowice","0206031"
"Piecki","2810042"
"Piekoszów","2604142"
"Pielgrzymka","0226032"
"Pieniężno","2802053"
"Pieńsk","0225043"
"Pierzchnica","2604152"
"Pieszyce","0202031"
"Pietrowice Wielkie","2411072"
"Pilawa","1403103"
"Pilchowice","2405042"
"Pilica","2416073"
"Pilzno","1803063"
"Piła","3019011"
"Piława Górna","0202041"
"Pińczów","2608043"
"Pionki","1425011"
"Pionki","1425082"
"Piotrków Kujawski","0411053"
"Pisz","2816033"
"Piszczac","0601112"
"Piwniczna-Zdrój","1210133"
"Platerów","1410042"
"Platerówka","0210062"
"Pleszew","3020063"
"Pleśna","1216042"
"Płaska","2001062"
"Płoniawy-Bramura","1411062"
"Płońsk","1420011"
"Płońsk","1420092"
"Płoskinia","2802062"
"Płośnica","2803052"
"Płoty","3205043"
"Płużnica","0417042"
"Pniewy","1406092"
"Pniewy","3024063"
"Pobiedziska","3021123"
"Poczesna","2404132"
"Poddębice","1011033"
"Podedwórze","0613052"
"Podegrodzie","1210142"
"Podgórzyn","0206082"
"Podkowa Leśna","1405021"
"Pogorzela","3004063"
"Pokój","1606032"
"Pokrzywnica","1424032"
"Polanica-Zdrój","0208051"
"Polanka Wielka","1213072"
"Polanów","3209063"
"Police","3211043"
"Policzna","1436022"
"Polkowice","0216043"
"Polska Cerekiew","1603052"
"Połajewo","3002062"
"Połaniec","2612053"
"Połczyn-Zdrój","3216033"
"Pomiechówek","1414052"
"Poniatowa","0612063"
"Poniec","3004073"
"Popielów","1609092"
"Popów","2406072"
"Poraj","2409042"
"Porąbka","2402082"
"Poręba","2416011"
"Poronin","1217052"
"Postomino","3213052"
"Poświętne","1007062"
"Poświętne","1434082"
"Poświętne","2002082"
"Potęgowo","2212072"
"Potok Górny","0602112"
"Potok Wielki","0605072"
"Potworów","1423052"
"Powidz","3023052"
"Pozezdrze","2819022"
"Poznań-Grunwald","3064029"
"Poznań-Jeżyce","3064039"
"Poznań-Nowe Miasto","3064049"
"Poznań-Stare Miasto","3064059"
"Poznań-Wilda","3064069"
"Prabuty","2207043"
"Praga-Południe","1465078"
"Praga-Północ","1465088"
"Praszka","1608043"
"Prażmów","1418052"
"Prochowice","0209073"
"Promna","1401022"
"Prostki","2805042"
"Proszowice","1214053"
"Prószków","1609103"
"Pruchnik","1804072"
"Prudnik","1610043"
"Prusice","0220023"
"Pruszcz","0414082"
"Pruszcz Gdański","2204011"
"Pruszcz Gdański","2204042"
"Pruszków","1421021"
"Przasnysz","1422011"
"Przasnysz","1422072"
"Przechlewo","2203062"
"Przeciszów","1213082"
"Przecław","1811072"
"Przedbórz","1012113"
"Przedecz","3009113"
"Przelewice","3212042"
"Przemęt","3029012"
"Przemków","0216053"
"Przemyśl","1813082"
"Przerośl","2012042"
"Przesmyki","1426072"
"Przeworno","0217032"
"Przeworsk","1814011"
"Przeworsk","1814062"
"Przewóz","0811072"
"Przodkowo","2205032"
"Przybiernów","3204062"
"Przygodzice","3017052"
"Przykona","3027062"
"Przyłęk","1436032"
"Przyrów","2404142"
"Przystajń","2406082"
"Przysucha","1423063"
"Przytoczna","0803032"
"Przytuły","2007062"
"Przytyk","1425092"
"Przywidz","2204052"
"Psary","2401062"
"Pszczew","0803042"
"Pszczółki","2204062"
"Pszczyna","2410053"
"Pszów","2415011"
"Puchaczów","0610052"
"Puck","2211031"
"Puck","2211072"
"Puławy","0614011"
"Puławy","0614092"
"Pułtusk","1424043"
"Puńsk","2009042"
"Purda","2814102"
"Puszcza Mariańska","1438032"
"Puszczykowo","3021021"
"Pyrzyce","3212053"
"Pyskowice","2405021"
"Pysznica","1818032"
"Pyzdry","3030043"
"Raba Wyżna","1211112"
"Rabka-Zdrój","1211123"
"Rachanie","0618072"
"Raciąż","1420021"
"Raciąż","1420102"
"Raciążek","0401072"
"Racibórz","2411011"
"Raciechowice","1209052"
"Racławice","1208062"
"Raczki","2012052"
"Radecznica","0620082"
"Radgoszcz","1204062"
"Radków","0208123"
"Radków","2613042"
"Radlin","2415021"
"Radłów","1216052"
"Radłów","1608052"
"Radomin","0405052"
"Radomsko","1012011"
"Radomsko","1012122"
"Radomyśl nad Sanem","1818042"
"Radomyśl Wielki","1811083"
"Radoszyce","2605042"
"Radowo Małe","3218032"
"Radwanice","0216062"
"Radymno","1804021"
"Radymno","1804082"
"Radzanowo","1419102"
"Radzanów","1401032"
"Radzanów","1413042"
"Radziechowy-Wieprz","2417102"
"Radziejowice","1438042"
"Radziejów","0411011"
"Radziejów","0411062"
"Radziemice","1214062"
"Radziłów","2004032"
"Radzionków","2413031"
"Radzymin","1434093"
"Radzyń Chełmiński","0406043"
"Radzyń Podlaski","0615011"
"Radzyń Podlaski","0615062"
"Rajcza","2417112"
"Rajgród","2004043"
"Rakoniewice","3005043"
"Raków","2604162"
"Rakszawa","1810062"
"Raniżów","1806052"
"Raszków","3017063"
"Raszyn","1421062"
"Rawa Mazowiecka","1013011"
"Rawa Mazowiecka","1013042"
"Rawicz","3022053"
"Rąbino","3216042"
"Recz","3202063"
"Reda","2215011"
"Regimin","1402082"
"Regnów","1013052"
"Rejowiec","0606082"
"Rejowiec Fabryczny","0603011"
"Rejowiec Fabryczny","0603082"
"Rembertów","1465098"
"Reńska Wieś","1603062"
"Repki","1429062"
"Resko","3218043"
"Reszel","2808053"
"Rewal","3205072"
"Ręczno","1010072"
"Rędziny","2404152"
"Rogowo","0412032"
"Rogowo","0419052"
"Rogoźno","3016023"
"Rogów","1021052"
"Rogóźno","0406052"
"Rojewo","0407082"
"Rokiciny","1016072"
"Rokietnica","1804092"
"Rokietnica","3021132"
"Rokitno","0601122"
"Ropa","1205082"
"Ropczyce","1815033"
"Rossosz","0601132"
"Rościszewo","1427042"
"Rozdrażew","3012052"
"Rozogi","2817052"
"Rozprza","1010082"
"Roźwienica","1804102"
"Różan","1411073"
"Ruciane-Nida","2816043"
"Ruda-Huta","0603092"
"Ruda Maleniecka","2605052"
"Rudka","2003072"
"Rudna","0211032"
"Rudnik","0606092"
"Rudnik","2411082"
"Rudniki","1608062"
"Rudnik nad Sanem","1812063"
"Rudziniec","2405052"
"Ruja","0209082"
"Rumia","2215021"
"Rusiec","1001062"
"Rusinów","1423072"
"Rutka-Tartak","2012062"
"Rutki","2014032"
"Rybczewice","0617042"
"Rybnik","2473011"
"Rybno","1428062"
"Rybno","2803062"
"Rychliki","2804082"
"Rychtal","3008062"
"Rychwał","3010073"
"Ryczywół","3016032"
"Rydułtowy","2415031"
"Rydzyna","3013043"
"Ryglice","1216063"
"Ryjewo","2207052"
"Ryki","0616043"
"Rymanów","1807083"
"Rymań","3208052"
"Ryn","2806083"
"Rypin","0412011"
"Rypin","0412042"
"Rytro","1210152"
"Rytwiany","2612062"
"Rząśnia","1009052"
"Rząśnik","1435032"
"Rzeczenica","2203072"
"Rzeczniów","1409042"
"Rzeczyca","1016082"
"Rzekuń","1415102"
"Rzepiennik Strzyżewski","1216072"
"Rzepin","0805043"
"Rzewnie","1411082"
"Rzezawa","1201072"
"Rzgów","1006102"
"Rzgów","3010082"
"Sabnie","1429072"
"Sadki","0410042"
"Sadkowice","1013062"
"Sadlinki","2207062"
"Sadowie","2606062"
"Sadowne","1433072"
"Samborzec","2609072"
"Sandomierz","2609011"
"Sanniki","1404042"
"Sanok","1817011"
"Sanok","1817052"
"Santok","0801062"
"Sarnaki","1410052"
"Sawin","0603102"
"Secemin","2613052"
"Sejny","2009011"
"Sejny","2009052"
"Serniki","0608122"
"Serock","1408043"
"Serokomla","0611062"
"Sędziejowice","1003032"
"Sędziszów","2602063"
"Sędziszów Małopolski","1815043"
"Sękowa","1205092"
"Sępopol","2801063"
"Sępólno Krajeńskie","0413023"
"Sianów","3209073"
"Sicienko","0403072"
"Sidra","2011072"
"Siechnice","0223083"
"Sieciechów","1407072"
"Siedlce","1426082"
"Siedlec","3029022"
"Siedlisko","0804082"
"Siedliszcze","0603112"
"Siekierczyn","0210072"
"Siemiatycze","2010011"
"Siemiatycze","2010092"
"Siemiątkowo","1437052"
"Siemień","0613062"
"Siemkowice","1009062"
"Siemyśl","3208062"
"Sieniawa","1814073"
"Siennica","1412132"
"Siennica Różana","0606102"
"Sienno","1409052"
"Siepraw","1209062"
"Sieradz","1014011"
"Sieradz","1014082"
"Sierakowice","2205042"
"Sieraków","3014043"
"Sieroszewice","3017072"
"Sierpc","1427011"
"Sierpc","1427052"
"Siewierz","2401073"
"Sitkówka-Nowiny","2604172"
"Sitno","0620092"
"Skalbmierz","2603053"
"Skała","1206103"
"Skarbimierz","1601022"
"Skarszewy","2213093"
"Skaryszew","1425103"
"Skarżysko-Kamienna","2610011"
"Skarżysko Kościelne","2610042"
"Skawina","1206113"
"Skąpe","0808032"
"Skępe","0408073"
"Skierbieszów","0620102"
"Skierniewice","1015082"
"Skoczów","2403103"
"Skoki","3028053"
"Skołyszyn","1805092"
"Skomlin","1017082"
"Skoroszyce","1607092"
"Skórcz","2213021"
"Skórcz","2213102"
"Skórzec","1426092"
"Skrwilno","0412052"
"Skrzyszów","1216082"
"Skulsk","3010092"
"Skwierzyna","0803053"
"Słaboszów","1208072"
"Sława","0812013"
"Sławatycze","0601142"
"Sławków","2401081"
"Sławno","1007072"
"Sławno","3213021"
"Sławno","3213062"
"Sławoborze","3216052"
"Słomniki","1206123"
"Słońsk","0807032"
"Słopnice","1207112"
"Słubice","0805053"
"Słubice","1419112"
"Słupca","3023011"
"Słupca","3023062"
"Słupia","1015092"
"Słupia (Jędrzejowska)","2602072"
"Słupia (Konecka)","2605062"
"Słupno","1419122"
"Słupsk","2212082"
"Smętowo Graniczne","2213112"
"Smołdzino","2212092"
"Smyków","2605072"
"Sobienie-Jeziory","1417072"
"Sobków","2602082"
"Sobolew","1403112"
"Sobótka","0223073"
"Sochaczew","1428011"
"Sochaczew","1428072"
"Sochocin","1420112"
"Sokolniki","1018062"
"Sokołów Małopolski","1816113"
"Sokołów Podlaski","1429011"
"Sokołów Podlaski","1429082"
"Sokoły","2013082"
"Sokółka","2011083"
"Solec Kujawski","0403083"
"Solec nad Wisłą","1409062"
"Solec-Zdrój","2601052"
"Solina","1821052"
"Somianka","1435042"
"Somonino","2205052"
"Sompolno","3010103"
"Sońsk","1402092"
"Sorkwity","2810052"
"Sosnowica","0613072"
"Sosnówka","0601152"
"Sośnicowice","2405063"
"Sośnie","3017082"
"Sośno","0413032"
"Spiczyn","0610062"
"Spytkowice","1211132"
"Spytkowice","1218062"
"Srokowo","2808062"
"Stalowa Wola","1818011"
"Stanin","0611072"
"Stanisławów","1412142"
"Stara Biała","1419132"
"Stara Błotnica","1401042"
"Starachowice","2611011"
"Stara Dąbrowa","3214092"
"Stara Kamienica","0206092"
"Stara Kiszewa","2206082"
"Stara Kornica","1410062"
"Starcza","2404162"
"Stare Babice","1432072"
"Stare Bogaczowice","0221072"
"Stare Czarnowo","3206072"
"Stare Juchy","2805052"
"Stare Kurowo","0806032"
"Stare Miasto","3010112"
"Stare Pole","2209082"
"Stargard Szczeciński","3214011"
"Stargard Szczeciński","3214102"
"Starogard Gdański","2213031"
"Starogard Gdański","2213122"
"Staroźreby","1419142"
"Stary Brus","0619042"
"Stary Dzierzgoń","2216032"
"Stary Dzików","1809072"
"Stary Lubotyń","1416082"
"Stary Sącz","1210163"
"Stary Targ","2216042"
"Stary Zamość","0620112"
"Staszów","2612073"
"Stawiguda","2814112"
"Stawiski","2006053"
"Stawiszyn","3007093"
"Stąporków","2605083"
"Stegna","2210042"
"Stepnica","3204072"
"Sterdyń","1429092"
"Stęszew","3021143"
"Stężyca","0616052"
"Stężyca","2205062"
"Stoczek","1433082"
"Stoczek Łukowski","0611021"
"Stoczek Łukowski","0611082"
"Stolno","0404062"
"Stopnica","2601062"
"Stoszowice","0224042"
"Strachówka","1434102"
"Strawczyn","2604182"
"Stromiec","1401052"
"Stronie Śląskie","0208133"
"Strumień","2403113"
"Stryków","1020083"
"Stryszawa","1215072"
"Stryszów","1218072"
"Strzałkowo","3023072"
"Strzegom","0219063"
"Strzegowo","1413052"
"Strzelce","1002102"
"Strzelce Krajeńskie","0806043"
"Strzelce Opolskie","1611053"
"Strzelce Wielkie","1009072"
"Strzeleczki","1605032"
"Strzelin","0217043"
"Strzelno","0409043"
"Strzyżewice","0609122"
"Strzyżów","1819043"
"Stubno","1813092"
"Studzienice","2201082"
"Stupsk","1413062"
"Subkowy","2214052"
"Sucha Beskidzka","1215021"
"Suchań","3214113"
"Suchedniów","2610053"
"Suchowola","2011093"
"Suchożebry","1426102"
"Suchy Dąb","2204072"
"Suchy Las","3021152"
"Sulechów","0809063"
"Sulejów","1010093"
"Sulejówek","1412151"
"Sulęcin","0807043"
"Sulęczyno","2205072"
"Sulików","0225052"
"Sulmierzyce","1009082"
"Sulmierzyce","3012011"
"Sułkowice","1209073"
"Sułoszowa","1206132"
"Sułów","0620122"
"Supraśl","2002093"
"Suraż","2002103"
"Susiec","0618082"
"Susz","2807063"
"Suszec","2410062"
"Suwałki","2012072"
"Swarzędz","3021163"
"Syców","0214073"
"Sypniewo","1411092"
"Szadek","1019023"
"Szaflary","1211142"
"Szamocin","3001053"
"Szamotuły","3024073"
"Szastarka","0607062"
"Szczaniec","0808042"
"Szczawin Kościelny","1404052"
"Szczawnica","1211023"
"Szczawno-Zdrój","0221031"
"Szczebrzeszyn","0620133"
"Szczecinek","3215011"
"Szczecinek","3215062"
"Szczekociny","2416083"
"Szczerców","1001072"
"Szczucin","1204072"
"Szczuczyn","2004053"
"Szczurowa","1202072"
"Szczutowo","1427062"
"Szczyrk","2402011"
"Szczytna","0208143"
"Szczytniki","3007102"
"Szczytno","2817011"
"Szczytno","2817062"
"Szelków","1411102"
"Szemud","2215092"
"Szepietowo","2013092"
"Szerzyny","1216162"
"Szklarska Poręba","0206041"
"Szlichtyngowa","0812023"
"Szprotawa","0810073"
"Szreńsk","1413072"
"Sztabin","2001072"
"Sztum","2216053"
"Sztutowo","2210052"
"Szubin","0410053"
"Szudziałowo","2011102"
"Szulborze Wielkie","1416092"
"Szumowo","2014042"
"Szydłowiec","1430053"
"Szydłowo","1413082"
"Szydłowo","3019062"
"Szydłów","2612082"
"Szypliszki","2012082"
"Ścinawa","0211043"
"Ślemień","2417122"
"Ślesin","3010123"
"Śliwice","0416052"
"Śmigiel","3011053"
"Śniadowo","2007072"
"Śrem","3026043"
"Środa Śląska","0218043"
"Środa Wielkopolska","3025043"
"Śródmieście","1465108"
"Świątki","2814122"
"Świątniki Górne","1206143"
"Świdnica","0219011"
"Świdnica","0219072"
"Świdnica","0809072"
"Świdnik","0617011"
"Świdwin","3216011"
"Świdwin","3216062"
"Świebodzice","0219021"
"Świebodzin","0808053"
"Świecie","0414093"
"Świecie nad Osą","0406062"
"Świedziebnia","0402092"
"Świekatowo","0414102"
"Świeradów-Zdrój","0210021"
"Świercze","1424052"
"Świerczów","1606042"
"Świerklaniec","2413072"
"Świerklany","2412052"
"Świerzawa","0226043"
"Świerzno","3207052"
"Świeszyno","3209082"
"Święciechowa","3013052"
"Świętajno","2813052"
"Świętajno","2817072"
"Świlcza","1816122"
"Świnice Warckie","1004072"
"Świnna","2417132"
"Tarczyn","1418063"
"Targówek","1465118"
"Tarłów","2606072"
"Tarnawatka","0618092"
"Tarnogród","0602123"
"Tarnowiec","1805112"
"Tarnowo Podgórne","3021172"
"Tarnowskie Góry","2413041"
"Tarnów","1216092"
"Tarnówka","3031062"
"Tarnów Opolski","1609112"
"Tczew","2214011"
"Tczew","2214062"
"Tczów","1436042"
"Telatyn","0618102"
"Teresin","1428082"
"Terespol","0601021"
"Terespol","0601162"
"Tereszpol","0602132"
"Tłuchowo","0408082"
"Tłuszcz","1434113"
"Tokarnia","1209082"
"Tolkmicko","2804093"
"Tomaszów Lubelski","0618011"
"Tomaszów Lubelski","0618112"
"Tomaszów Mazowiecki","1016011"
"Tomaszów Mazowiecki","1016092"
"Tomice","1218082"
"Topólka","0411072"
"Torzym","0807053"
"Toszek","2405073"
"Trawniki","0617052"
"Trąbki Wielkie","2204082"
"Trojanów","1403122"
"Troszyn","1415112"
"Tryńcza","1814082"
"Trzciana","1201082"
"Trzcianka","3002073"
"Trzcianne","2008072"
"Trzciel","0803063"
"Trzcinica","3008072"
"Trzcińsko-Zdrój","3206083"
"Trzebiatów","3205083"
"Trzebiechów","0809082"
"Trzebiel","0811082"
"Trzebielino","2201092"
"Trzebieszów","0611092"
"Trzebinia","1203053"
"Trzebnica","0220033"
"Trzebownisko","1816132"
"Trzemeszno","3003093"
"Trzeszczany","0604062"
"Trzyciąż","1212062"
"Trzydnik Duży","0607072"
"Tuchola","0416063"
"Tuchomie","2201102"
"Tuchów","1216103"
"Tuczępy","2601072"
"Tuczna","0601172"
"Tuczno","3217043"
"Tuliszków","3027073"
"Tułowice","1609122"
"Tuplice","0811092"
"Turawa","1609132"
"Turek","3027011"
"Turek","3027082"
"Turobin","0602142"
"Turośl","2006062"
"Turośń Kościelna","2002112"
"Tuszów Narodowy","1811092"
"Tuszyn","1006113"
"Twardogóra","0214083"
"Tworóg","2413082"
"Tychowo","3201042"
"Tyczyn","1816143"
"Tykocin","2002123"
"Tymbark","1207122"
"Tyrawa Wołoska","1817062"
"Tyszowce","0618123"
"Uchanie","0604072"
"Udanin","0218052"
"Ujazd","1016102"
"Ujazd","1611063"
"Ujsoły","2417142"
"Ujście","3019073"
"Ulan-Majorat","0615072"
"Ulanów","1812073"
"Ulhówek","0618132"
"Ułęż","0616062"
"Uniejów","1011043"
"Unisław","0404072"
"Ursus","1465128"
"Ursynów","1465138"
"Urszulin","0619052"
"Urzędów","0607082"
"Ustka","2212011"
"Ustka","2212102"
"Ustronie Morskie","3208072"
"Ustroń","2403021"
"Ustrzyki Dolne","1801083"
"Uście Gorlickie","1205102"
"Uścimów","0608132"
"Wadowice","1218093"
"Wadowice Górne","1811102"
"Waganiec","0401082"
"Walce","1605042"
"Walim","0221082"
"Wałbrzych","0265011"
"Wałcz","3217011"
"Wałcz","3217052"
"Wapno","3028062"
"Warka","1406113"
"Warlubie","0414112"
"Warnice","3212062"
"Warta","1014093"
"Warta Bolesławiecka","0201062"
"Wartkowice","1011052"
"Wasilków","2002133"
"Waśniów","2607062"
"Wawer","1465148"
"Wąbrzeźno","0417011"
"Wąbrzeźno","0417052"
"Wąchock","2611053"
"Wądroże Wielkie","0205062"
"Wągrowiec","3028011"
"Wągrowiec","3028072"
"Wąpielsk","0412062"
"Wąsewo","1416102"
"Wąsosz","0204043"
"Wąsosz","2004062"
"Wąwolnica","0614102"
"Wejherowo","2215031"
"Wejherowo","2215102"
"Werbkowice","0604082"
"Wesoła","1465158"
"Węgierska Górka","2417152"
"Węgliniec","0225063"
"Węgorzewo","2819033"
"Węgorzyno","3218053"
"Węgrów","1433011"
"Wiązowna","1417082"
"Wiązownica","1804112"
"Wiązów","0217053"
"Wicko","2208052"
"Widawa","1003042"
"Widuchowa","3206092"
"Wieczfnia Kościelna","1413092"
"Wielbark","2817082"
"Wieleń","3002083"
"Wielgie","0408092"
"Wielgomłyny","1012132"
"Wielichowo","3005053"
"Wieliczka","1219053"
"Wieliczki","2813062"
"Wieliszew","1408052"
"Wielka Nieszawka","0415082"
"Wielka Wieś","1206152"
"Wielkie Oczy","1809082"
"Wielopole Skrzyńskie","1815052"
"Wielowieś","2405082"
"Wieluń","1017093"
"Wieniawa","1423082"
"Wieprz","1218102"
"Wieruszów","1018073"
"Wierzbica","0603122"
"Wierzbica","1425112"
"Wierzbinek","3010132"
"Wierzbno","1433092"
"Wierzchlas","1017102"
"Wierzchosławice","1216112"
"Wierzchowo","3203052"
"Wietrzychowice","1216122"
"Więcbork","0413043"
"Wijewo","3013062"
"Wilamowice","2402093"
"Wilanów","1465168"
"Wilczęta","2802072"
"Wilczyce","2609082"
"Wilczyn","3010142"
"Wilga","1403132"
"Wilkołaz","0607092"
"Wilkowice","2402102"
"Wilków","0612072"
"Wilków","1606052"
"Winnica","1424062"
"Wińsko","0222022"
"Wiskitki","1438052"
"Wisła","2403031"
"Wisznia Mała","0220042"
"Wisznice","0601182"
"Wiślica","2601082"
"Wiśniew","1426112"
"Wiśniewo","1413102"
"Wiśniowa","1209092"
"Wiśniowa","1819052"
"Witkowo","3003103"
"Witnica","0801073"
"Witonia","1004082"
"Wizna","2007082"
"Wiżajny","2012092"
"Wleń","0212053"
"Władysławowo","2211041"
"Władysławów","3027092"
"Włochy","1465178"
"Włocławek","0418132"
"Włodawa","0619011"
"Włodawa","0619062"
"Włodowice","2416092"
"Włoszakowice","3013072"
"Włoszczowa","2613063"
"Wodynie","1426122"
"Wodzierady","1003052"
"Wodzisław","2602092"
"Wodzisław Śląski","2415041"
"Wohyń","0615082"
"Wojaszówka","1807092"
"Wojciechowice","2606082"
"Wojciechów","0609132"
"Wojcieszków","0611102"
"Wojcieszów","0226011"
"Wojkowice","2401031"
"Wojnicz","1216132"
"Wojsławice","0603132"
"Wola","1465188"
"Wola Krzysztoporska","1010102"
"Wola Mysłowska","0611112"
"Wolanów","1425122"
"Wola Uhruska","0619072"
"Wolbórz","1010112"
"Wolbrom","1212073"
"Wolin","3207063"
"Wolsztyn","3029033"
"Wołczyn","1604043"
"Wołomin","1434123"
"Wołów","0222033"
"Woźniki","2407083"
"Wólka","0609142"
"Wręczyca Wielka","2406092"
"Wrocław-Fabryczna","0264029"
"Wrocław-Krzyki","0264039"
"Wrocław-Psie Pole","0264049"
"Wrocław-Stare Miasto","0264059"
"Wrocław-Śródmieście","0264069"
"Wronki","3024083"
"Wróblew","1014102"
"Września","3030053"
"Wschowa","0812033"
"Wydminy","2806102"
"Wymiarki","0810082"
"Wyry","2408052"
"Wyryki","0619082"
"Wyrzysk","3019083"
"Wysoka","3019093"
"Wysokie","0609152"
"Wysokie Mazowieckie","2013011"
"Wysokie Mazowieckie","2013102"
"Wyszki","2003082"
"Wyszków","1435053"
"Wyszogród","1419153"
"Wyśmierzyce","1401063"
"Zabierzów","1206162"
"Zabłudów","2002143"
"Zabór","0809092"
"Zabrodzie","1435062"
"Zadzim","1011062"
"Zagnańsk","2604192"
"Zagórów","3023083"
"Zagórz","1817073"
"Zagrodno","0226052"
"Zakliczyn","1216142"
"Zaklików","1818052"
"Zakopane","1217011"
"Zakroczym","1414063"
"Zakrzew","0609162"
"Zakrzew","1425132"
"Zakrzewo","0401092"
"Zakrzewo","3031072"
"Zakrzówek","0607102"
"Zalesie","0601192"
"Zaleszany","1818062"
"Zalewo","2807073"
"Załuski","1420122"
"Zambrów","2014011"
"Zambrów","2014052"
"Zamość","0620142"
"Zaniemyśl","3025052"
"Zapolice","1019032"
"Zaręby Kościelne","1416112"
"Zarszyn","1817082"
"Zarzecze","1814092"
"Zator","1213093"
"Zatory","1424072"
"Zawady","2002152"
"Zawadzkie","1611073"
"Zawichost","2609093"
"Zawidów","0225011"
"Zawidz","1427072"
"Zawiercie","2416021"
"Zawoja","1215082"
"Zawonia","0220052"
"Ząbki","1434031"
"Ząbkowice Śląskie","0224053"
"Zbąszynek","0808063"
"Zbąszyń","3015063"
"Zbiczno","0402102"
"Zblewo","2213132"
"Zbójna","2007092"
"Zbójno","0405062"
"Zbrosławice","2413092"
"Zbuczyn","1426132"
"Zduny","1005102"
"Zduny","3012063"
"Zduńska Wola","1019011"
"Zduńska Wola","1019042"
"Zdzieszowice","1605053"
"Zebrzydowice","2403122"
"Zelów","1001083"
"Zembrzyce","1215092"
"Zębowice","1608072"
"Zgierz","1020031"
"Zgierz","1020092"
"Zgorzelec","0225021"
"Zgorzelec","0225072"
"Zielona Góra","0809102"
"Zielonka","1434041"
"Zielonki","1206172"
"Ziębice","0224063"
"Zławieś Wielka","0415092"
"Złocieniec","3203063"
"Złoczew","1014113"
"Złota","2608052"
"Złotniki Kujawskie","0407092"
"Złotoryja","0226021"
"Złotoryja","0226062"
"Złotów","3031011"
"Złotów","3031082"
"Złoty Stok","0224073"
"Zwierzyn","0806052"
"Zwierzyniec","0620153"
"Zwoleń","1436053"
"Żabia Wola","1405062"
"Żabno","1216153"
"Żagań","0810021"
"Żagań","0810092"
"Żarki","2409053"
"Żarnowiec","2416102"
"Żarnów","1007082"
"Żarów","0219083"
"Żary","0811021"
"Żary","0811102"
"Żegocina","1201092"
"Żelazków","3007112"
"Żelechlinek","1016112"
"Żelechów","1403143"
"Żerków","3006043"
"Żmigród","0220063"
"Żmudź","0603142"
"Żnin","0419063"
"Żoliborz","1465198"
"Żołynia","1810072"
"Żółkiewka","0606112"
"Żórawina","0223092"
"Żukowice","0203062"
"Żukowo","2205083"
"Żurawica","1813102"
"Żuromin","1437063"
"Żychlin","1002113"
"Żyraków","1803072"
"Żyrardów","1438011"
"Żyrzyn","0614112"
"Żytno","1012142"
"Żywiec","2417011"